COLL_NOM;COLL_SIRET;EQUIP_UID;EQUIP_THEME;EQUIP_CODE;EQUIP_TYPE;EQUIP_NOM;ADR_NUMERO;ADR_NOMVOIE;ADR_CODEPOSTAL;ADR_COMMUNE;ADR_CLE_INTEROP;ERP_ID;ERP_TYPE;ERP_CATEGORIE;EQUIP_LAT;EQUIP_LONG;EQUIP_OUVERTURE;EQUIP_TEL;EQUIP_EMAIL;EQUIP_WEB
Val-de-Marne;21940053800076;94053-05010300-005;Equipement sportif et de loisirs;05010300-005;Complexe sportif en espace interieur et/ou extérieur;terrain de petanque - complexe sportif de la pepiniere;nan;rue pierre vienot;94880;Noiseau;;;;;48.774;2.548;;;;http://www.mairie-noiseau.fr/pageLibre00010840.aspx
Val-de-Marne;21940053800076;94053-05010304-006;Equipement sportif et de loisirs;05010304-006;Court de tennis;terrain de tennis - complexe sportif de la pepiniere;nan;rue pierre vienot;94880;Noiseau;;;;;48.773;2.549;;;;http://www.mairie-noiseau.fr/pageLibre00010840.aspx
Val-de-Marne;21940053800076;94053-05010310-012;Equipement sportif et de loisirs;05010310-012;Terrain de grands jeux (stade);terrain de football - stade pierre grisard;nan;rue pierre brossolette;94880;Noiseau;;;;;48.776;2.545;;;;http://www.mairie-noiseau.fr/pageLibre00010840.aspx
Val-de-Marne;21940075100018;94075-05010304-016;Equipement sportif et de loisirs;05010304-016;Court de tennis;courts de tennis couverts;nan;chemin des meuniers;94440;Villecresnes;;;;;48.717;2.548;;;;https://tcvillecresnes.fr/
Val-de-Marne;21950491700010;94059-05010103-020;Equipement sportif et de loisirs;05010103-020;Salle ou terrain spécialisé;salle de danse - ecole de danse sanaga;8;avenue ardouin;94420;Le Plessis -Trévise;;;;;48.812;2.57;;;;
Val-de-Marne;21940002500017;94002-05020101-026;Equipement sportif et de loisirs;05020101-026;Salle des fêtes (polyvalente, ....);maison des ceremonies familiales;nan;place ochagan;94140;Alfortville;;;;;48.787;2.422;;;;
Val-de-Marne;21940053800076;94053-05010304-031;Equipement sportif et de loisirs;05010304-031;Court de tennis;terrain de football - complexe sportif de la pepiniere;nan;rue pierre vienot;94880;Noiseau;;;;;48.773;2.549;;;;http://www.mairie-noiseau.fr/pageLibre00010840.aspx
Val-de-Marne;21940071000014;94071-05020101-048;Equipement sportif et de loisirs;05020101-048;Salle des fêtes (polyvalente, ....);centre culturel de la ferme;27;rue du grand val;94370;Sucy-en-Brie;;;;;48.776;2.52;;;;
Val-de-Marne;21940002500017;94002-05010103-064;Equipement sportif et de loisirs;05010103-064;Salle ou terrain spécialisé;office municipal des sports;2;rue de toulon;94140;Alfortville;;;;;48.787;2.429;;;;
Val-de-Marne;21940070200011;94070-05010310-069;Equipement sportif et de loisirs;05010310-069;Terrain de grands jeux (stade);stade didier boutten;nan;route de marolles;94440;Santeny;;;;;48.735;2.56;;;;
Val-de-Marne;21950491700010;94059-05010103-071;Equipement sportif et de loisirs;05010103-071;Salle ou terrain spécialisé;terrains de squash du tennis club du plessis trevise;17;avenue de l'europe;94420;Le Plessis -Trévise;;;;;48.803;2.578;;;;
Val-de-Marne;21940044700013;94044-05010101-076;Equipement sportif et de loisirs;05010101-076;Salle de combat;salle de boxe;22;rue gutenberg;94450;Limeil-Brévannes;;;;;48.743;2.482;;;;
Val-de-Marne;21940071000014;94071-05010304-079;Equipement sportif et de loisirs;05010304-079;Court de tennis;terrains de tennis- parc des sports de sucy;nan;route de la queue en brie;94370;Sucy-en-Brie;;;;;48.759;2.537;;;;https://www.ville-sucy.fr/
Val-de-Marne;21940071000014;94071-05010311-080;Equipement sportif et de loisirs;05010311-080;Pas de tir;cercle de tir sucy en brie;nan;allée des douves;94370;Sucy-en-Brie;;;;;48.769;2.531;;;;
Val-de-Marne;21940044700013;94044-05010303-082;Equipement sportif et de loisirs;05010303-082;Bassin de natation;piscine des dauphins;1; voie pompidou;94450;Limeil-Brévannes;;;;;48.744;2.512;;;;
Val-de-Marne;21950491700010;94059-05010304-123;Equipement sportif et de loisirs;05010304-123;Court de tennis;terrain de handball/football - espace sportif de plein air;nan;avenue de plein air;94420;Le Plessis -Trévise;;;;;48.802;2.576;;;;
Val-de-Marne;21950491700010;94059-05010103-129;Equipement sportif et de loisirs;05010103-129;Salle ou terrain spécialisé;salle de danse - gym k danse;55;avenue jean kiffer;94420;Le Plessis -Trévise;;;;;48.806;2.578;;;;http://kdanse-gym.fr/
Val-de-Marne;21950491700010;94059-05010102-130;Equipement sportif et de loisirs;05010102-130;Gymnase;gymnase - espace omnisports philippe de dieuleveult;169;avenue maurice bertheaux;94420;Le Plessis -Trévise;;;;;48.804;2.574;;;;https://www.leplessistrevise.fr/
Val-de-Marne;21940053800076;94053-05010103-138;Equipement sportif et de loisirs;05010103-138;Salle ou terrain spécialisé;salle de tennis de table;3;rue sadi carnot;94880;Noiseau;;;;;48.775;2.552;;;;http://www.mairie-noiseau.fr/pageLibre00010840.aspx
Val-de-Marne;21940019900184;94019-05010102-141;Equipement sportif et de loisirs;05010102-141;Gymnase;gymnase maurice rousseau;52;avenue claire;94430;Chennevières-sur-marne;;;;;48.8;2.547;;;;https://www.chennevieres.com/
Val-de-Marne;21950491700010;94059-05010301-146;Equipement sportif et de loisirs;05010301-146;Skatepark et vélo freestyle;skate park - espace sportif de plein air;nan;avenue de plein air;94420;Le Plessis -Trévise;;;;;48.802;2.576;;;;
Val-de-Marne;21940019900184;94019-05010304-147;Equipement sportif et de loisirs;05010304-147;Court de tennis;terrain de tennis - stade armand fey;24;route du plessis trevise;94430;Chennevières-sur-marne;;;;;48.806;2.557;;;;https://www.chennevieres.com/
Val-de-Marne;21940060300011;94060-05010304-151;Equipement sportif et de loisirs;05010304-151;Court de tennis;2 terrains de tennis - stade robert barran;nan;route de combault;94510;La Queue-en-brie;;;;;48.793;2.589;;;;https://www.laqueueenbrie.fr/
Val-de-Marne;21940060300011;94060-05010304-152;Equipement sportif et de loisirs;05010304-152;Court de tennis;2 terrains de tennis eclaires - stade robert barran;nan;route de combault;94510;La Queue-en-brie;;;;;48.793;2.589;;;;https://www.laqueueenbrie.fr/
Val-de-Marne;21940060300011;94060-05010207-153;Equipement sportif et de loisirs;05010207-153;"Parcours sportif ; Parcours de santé";parcours de sante;nan;chemin vert;94510;La Queue-en-brie;;;;;48.794;2.589;;;;https://www.laqueueenbrie.fr/
Val-de-Marne;21940060300011;94060-05010307-154;Equipement sportif et de loisirs;05010307-154;Equipement d'athlétisme;stade d'athletisme - stade robert barran;nan;route de combault;94510;La Queue-en-brie;;;;;48.793;2.59;;;;https://www.laqueueenbrie.fr/
Val-de-Marne;21940060300011;94060-05010300-155;Equipement sportif et de loisirs;05010300-155;Complexe sportif en espace interieur et/ou extérieur;terrain de petanque;nan;chemin vert;94510;La Queue-en-brie;;;;;48.794;2.59;;;;https://www.laqueueenbrie.fr/
Val-de-Marne;21950491700010;94059-05010307-156;Equipement sportif et de loisirs;05010307-156;Equipement d'athlétisme;stade d'athletisme -centre sportif louison bobet;6;avenue albert camus;94420;Le Plessis -Trévise;;;;;48.803;2.576;;;;https://www.leplessistrevise.fr/
Val-de-Marne;21950491700010;94059-05010300-157;Equipement sportif et de loisirs;05010300-157;Complexe sportif en espace interieur et/ou extérieur;boulodrome -centre sportif louison bobet;6;avenue albert camus;94420;Le Plessis -Trévise;;;;;48.802;2.575;;;;https://www.leplessistrevise.fr/
Val-de-Marne;21950491700010;94059-05010100-158;Equipement sportif et de loisirs;05010100-158;Complexe sportif en espace interieur;espace jacques carlier;6;avenue albert camus;94420;Le Plessis -Trévise;;;;;48.804;2.577;;;;https://www.leplessistrevise.fr/
Val-de-Marne;21950491700010;94059-05010300-159;Equipement sportif et de loisirs;05010300-159;Complexe sportif en espace interieur et/ou extérieur;boulodrome parc burladingen;nan;avenue ardouin;94420;Le Plessis -Trévise;;;;;48.803;2.58;;;;
Val-de-Marne;21940071000014;94071-05010103-160;Equipement sportif et de loisirs;05010103-160;Salle ou terrain spécialisé;salle de danse beauvilliers;36;avenue du fort;94370;Sucy-en-Brie;;;;;48.769;2.535;;;;https://www.ville-sucy.fr/
Val-de-Marne;21950491700010;94059-05010304-161;Equipement sportif et de loisirs;05010304-161;Court de tennis;terrain de football-centre sportif louison bobet;6;avenue albert camus;94420;Le Plessis -Trévise;;;;;48.803;2.578;;;;https://www.leplessistrevise.fr/
Val-de-Marne;21940060300011;94060-05010310-162;Equipement sportif et de loisirs;05010310-162;Terrain de grands jeux (stade);terrain de football - stade robert barran;nan;route de combault;94510;La Queue-en-brie;;;;;48.793;2.59;;;;https://www.laqueueenbrie.fr/
Val-de-Marne;21950491700010;94059-05010304-163;Equipement sportif et de loisirs;05010304-163;Court de tennis;terrain de football d'honneur -centre sportif louison bobet;6;avenue albert camus;94420;Le Plessis -Trévise;;;;;48.803;2.576;;;;https://www.leplessistrevise.fr/
Val-de-Marne;21940053800076;94053-05010301-165;Equipement sportif et de loisirs;05010301-165;Skatepark et vélo freestyle;skate park - complexe sportif de la pepiniere;nan;rue pierre vienot;94880;Noiseau;;;;;48.773;2.548;;;;
Val-de-Marne;21940071000014;94071-05010103-166;Equipement sportif et de loisirs;05010103-166;Salle ou terrain spécialisé;salle de danse des bruyeres;nan;boulevard de la liberte;94370;Sucy-en-Brie;;;;;48.758;2.55;;;;https://www.ville-sucy.fr/
Val-de-Marne;21940004100014;94004-05010102-167;Equipement sportif et de loisirs;05010102-167;Gymnase;gymnase amedee dunois;18;rue de sucy en brie;94470;Boissy-Saint-Léger;;;;;48.751;2.519;;;;https://ville-boissy.fr/
Val-de-Marne;21940019900184;94019-05010311-168;Equipement sportif et de loisirs;05010311-168;Pas de tir;pas de tir - premiere compagnie d'arc de chennevievres;nan;rue des archers;94430;Chennevières-sur-marne;;;;;48.798;2.532;;;;https://cie-arc-chennevieres.net/
Val-de-Marne;21940019900184;94019-05010102-169;Equipement sportif et de loisirs;05010102-169;Gymnase;gymnase - stade aristide briand;58;bis rue aristide briand;94430;Chennevières-sur-marne;;;;;48.797;2.535;;;;https://www.chennevieres.com/
Val-de-Marne;21940019900184;94019-05010304-170;Equipement sportif et de loisirs;05010304-170;Court de tennis;terrain de tennis couvert - stade aristide briand;61;bis rue aristide briand;94430;Chennevières-sur-marne;;;;;48.797;2.536;;;;https://www.chennevieres.com/
Val-de-Marne;21940019900184;94019-05010103-171;Equipement sportif et de loisirs;05010103-171;Salle ou terrain spécialisé;salle de danse rue du general de gaulle;83;rue du general de gaulle;94430;Chennevières-sur-marne;;;;;48.793;2.53;;;;
Val-de-Marne;21940019900184;94019-05010102-172;Equipement sportif et de loisirs;05010102-172;Gymnase;gymnase moulin a vent;18;avenue du moulin a vent;94430;Chennevières-sur-marne;;;;;48.784;2.525;;;;https://www.chennevieres.com/
Val-de-Marne;21940071000014;94071-05010103-173;Equipement sportif et de loisirs;05010103-173;Salle ou terrain spécialisé;salle de danse place de la fraternite;2;place de la fraternite;94370;Sucy-en-Brie;;;;;48.774;2.526;;;;https://www.ville-sucy.fr/
Val-de-Marne;21940071000014;94071-05010300-174;Equipement sportif et de loisirs;05010300-174;Complexe sportif en espace interieur et/ou extérieur;terrain de petanque (chalet des boulistes);nan;parc chaumoncel;94370;Sucy-en-Brie;;;;;48.77;2.524;;;;https://www.ville-sucy.fr/
Val-de-Marne;21940071000014;94071-05010103-175;Equipement sportif et de loisirs;05010103-175;Salle ou terrain spécialisé;salle de danse de la cite verte;nan;esplanade du chateau;94370;Sucy-en-Brie;;;;;48.772;2.525;;;;https://www.ville-sucy.fr/
Val-de-Marne;21940004100014;94004-05010304-177;Equipement sportif et de loisirs;05010304-177;Court de tennis;terrains de tennis;nan;place des erables;94470;Boissy-Saint-Léger;;;;;48.757;2.501;;;;https://ville-boissy.fr/
Val-de-Marne;21940004100014;94004-05010300-178;Equipement sportif et de loisirs;05010300-178;Complexe sportif en espace interieur et/ou extérieur;terrain de petanque de la haie griselle;10;avenue charles de gaulle;94470;Boissy-Saint-Léger;;;;;48.753;2.499;;;;https://ville-boissy.fr/
Val-de-Marne;21940004100014;94004-05020101-180;Equipement sportif et de loisirs;05020101-180;Salle des fêtes (polyvalente, ....);centre culturel le forum;nan;place du forum;94470;Boissy-Saint-Léger;;;;;48.754;2.502;;;;https://ville-boissy.fr/
Val-de-Marne;21940071000014;94071-05010304-181;Equipement sportif et de loisirs;05010304-181;Court de tennis;terrains de rugby - stade paul meyer;39;rue de paris;94370;Sucy-en-Brie;;;;;48.776;2.506;;;;https://www.saint-maur.com/
Val-de-Marne;21940071000014;94071-05010310-182;Equipement sportif et de loisirs;05010310-182;Terrain de grands jeux (stade);terrain de football entrainement - stade paul meyer;39;rue de paris;94370;Sucy-en-Brie;;;;;48.777;2.507;;;;https://www.saint-maur.com/
Val-de-Marne;21940071000014;94071-05010102-183;Equipement sportif et de loisirs;05010102-183;Gymnase;plateau d'evolution - gymnase du fort;33;avenue du fort;94370;Sucy-en-Brie;;;;;48.77;2.533;;;;https://www.ville-sucy.fr/
Val-de-Marne;21940004100014;94004-05010205-184;Equipement sportif et de loisirs;05010205-184;City-stade;city stade de la haie griselle;nan;place des tilleuls;94470;Boissy-Saint-Léger;;;;;48.756;2.5;;;;
Val-de-Marne;21940071000014;94071-05010305-193;Equipement sportif et de loisirs;05010305-193;Equipement de cyclisme;piste de bicross;nan;rue du moulin bateau;94370;Sucy-en-Brie;;;;;48.78;2.51;;;;https://www.ville-sucy.fr/
Val-de-Marne;21940071000014;94071-05010307-194;Equipement sportif et de loisirs;05010307-194;Equipement d'athlétisme;aire de lancers - stade paul meyer;39;rue de paris;94370;Sucy-en-Brie;;;;;48.777;2.506;;;;https://www.saint-maur.com/
Val-de-Marne;21940071000014;94071-05010102-197;Equipement sportif et de loisirs;05010102-197;Gymnase;terrain de basket ball - stade paul meyer;39;rue de paris;94370;Sucy-en-Brie;;;;;48.777;2.506;;;;https://www.saint-maur.com/
Val-de-Marne;21940071000014;94071-05010205-198;Equipement sportif et de loisirs;05010205-198;City-stade;citystade - aire de proximite des noyers;nan;rue du moulin bateau;94370;Sucy-en-Brie;;;;;48.779;2.509;;;;https://www.ville-sucy.fr/
Val-de-Marne;21940053800076;94053-05010102-216;Equipement sportif et de loisirs;05010102-216;Gymnase;gymnase - complexe sportif de la pepiniere;nan;rue pierre vienot;94880;Noiseau;;;;;48.774;2.549;;;;http://www.mairie-noiseau.fr/pageLibre00010840.aspx
Val-de-Marne;21940055300018;94055-05020101-231;Equipement sportif et de loisirs;05020101-231;Salle des fêtes (polyvalente, ....);centre culturel wladimir d'ormesson;14;avenue wladimie d'ormesson;94490;Ormesson-sur-Marne;;;;;48.787;2.545;;;;
Val-de-Marne;21940075100018;94075-05010100-336;Equipement sportif et de loisirs;05010100-336;Complexe sportif en espace interieur;asptt le bois d'auteuil;1;rue du bois d'auteuil;94440;Villecresnes;;;;;48.716;2.545;;;;
Val-de-Marne;21940002500017;94002-05010303-340;Equipement sportif et de loisirs;05010303-340;Bassin de natation;centre aquatique d'alfortville;50; quai blanqui;94140;Alfortville;;;;;48.801;2.416;;;;
Val-de-Marne;21940028000018;94028-05010100-350;Equipement sportif et de loisirs;05010100-350;Complexe sportif en espace interieur;salle polyvalente du port;nan;boulevard jean-baptiste oudry;94000;Créteil;;;;;48.773;2.461;;;;
Val-de-Marne;21940028000018;94028-05010100-359;Equipement sportif et de loisirs;05010100-359;Complexe sportif en espace interieur;salle victor hugo;2;rue des ecoles;94000;Créteil;;;;;48.792;2.466;;;;
Val-de-Marne;21940028000018;94028-05010102-360;Equipement sportif et de loisirs;05010102-360;Gymnase;gymnase plaisance;33;rue plaisance;94000;Créteil;;;;;48.8;2.456;;;;
Val-de-Marne;21940060300011;94060-05030000-364;Equipement sportif et de loisirs;05030000-364;Autre équipement sportif et de loisirs;ecole municipale de musique lionel andre;nan;avenue jean jaures;94510;La Queue-en-brie;;;;;48.785;2.579;;;;
Val-de-Marne;21940071000014;94071-05030000-366;Equipement sportif et de loisirs;05030000-366;Autre équipement sportif et de loisirs;conservatoire de musique et d'art dramatique;1;avenue georges pompidou;94370;Sucy-en-Brie;;;;;48.772;2.522;;;;
Val-de-Marne;21940028000018;94028-05010103-372;Equipement sportif et de loisirs;05010103-372;Salle ou terrain spécialisé;piste bi-cross;nan;rue jean gabin;94000;Créteil;;;;;48.78;2.446;;;;
Val-de-Marne;21940028000018;94028-05010100-374;Equipement sportif et de loisirs;05010100-374;Complexe sportif en espace interieur;salle rene renaud;7; terrue des ecoles;94000;Créteil;;;;;48.792;2.466;;;;
Val-de-Marne;21940028000018;94028-05010310-379;Equipement sportif et de loisirs;05010310-379;Terrain de grands jeux (stade);stade desmont;66;avenue du marechal delattre de tassigny;94000;Créteil;;;;;48.799;2.456;;;;
Val-de-Marne;21940028000018;94028-05010102-382;Equipement sportif et de loisirs;05010102-382;Gymnase;gymnase nelson paillou;nan;rue des sarrazins;94000;Créteil;;;;;48.769;2.472;;;;
Val-de-Marne;21940028000018;94028-05010104-389;Equipement sportif et de loisirs;05010104-389;Palais des sports;palais des sports robert oubron;5;rue pasteur vallery radot;94000;Créteil;;;;;48.788;2.442;;;;
Val-de-Marne;21940028000018;94028-05010102-393;Equipement sportif et de loisirs;05010102-393;Gymnase;gymnase louis pasteur;nan;rue henri matisse;94000;Créteil;;;;;48.783;2.461;;;;
Val-de-Marne;21940028000018;94028-05010100-394;Equipement sportif et de loisirs;05010100-394;Complexe sportif en espace interieur;plateau multisports du jeu de paume;9;rue du jeu de paume;94000;Créteil;;;;;48.777;2.461;;;;
Val-de-Marne;21940028000018;94028-05010102-402;Equipement sportif et de loisirs;05010102-402;Gymnase;gymnase marcel maurice savignat;nan;allée de la cote d'or;94000;Créteil;;;;;48.776;2.471;;;;
Val-de-Marne;21940028000018;94028-05010102-403;Equipement sportif et de loisirs;05010102-403;Gymnase;gymnase du jeu de paume;9;rue du jeu de paume;94000;Créteil;;;;;48.776;2.461;;;;
Val-de-Marne;21940028000018;94028-05010102-404;Equipement sportif et de loisirs;05010102-404;Gymnase;gymnase des guiblets;80;boulevard john fitzgerald kennedy;94000;Créteil;;;;;48.781;2.463;;;;
Val-de-Marne;21940028000018;94028-05010102-405;Equipement sportif et de loisirs;05010102-405;Gymnase;gymnase louis allezard;38;rue juliette savar;94000;Créteil;;;;;48.785;2.461;;;;
Val-de-Marne;21940028000018;94028-05020101-414;Equipement sportif et de loisirs;05020101-414;Salle des fêtes (polyvalente, ....);centre associatif communal du montaigut;2;rue moliere;94000;Créteil;;;;;48.789;2.441;;;;
Val-de-Marne;21940028000018;94028-05020101-415;Equipement sportif et de loisirs;05020101-415;Salle des fêtes (polyvalente, ....);centre de loisirs pour adolescents et pre adolescents du port;nan;boulevard jean baptiste oudry;94000;Créteil;;;;;48.773;2.46;;;;
Val-de-Marne;21940028000018;94028-05010102-418;Equipement sportif et de loisirs;05010102-418;Gymnase;gymnase louis issaurat;nan;rue pasteur vallery radot;94000;Créteil;;;;;48.781;2.443;;;;
Val-de-Marne;21940028000018;94028-05010102-425;Equipement sportif et de loisirs;05010102-425;Gymnase;gymnase des buttes;45;avenue sainte marie;94000;Créteil;;;;;48.8;2.461;;;;
Val-de-Marne;21940028000018;94028-05010102-426;Equipement sportif et de loisirs;05010102-426;Gymnase;gymnase clement guyard;12;rue thomas edison;94000;Créteil;;;;;48.797;2.445;;;;
Val-de-Marne;21940028000018;94028-05010102-437;Equipement sportif et de loisirs;05010102-437;Gymnase;gymnase charles beuvin;nan;rue henri koch;94000;Créteil;;;;;48.802;2.456;;;;
Val-de-Marne;21940028000018;94028-05010305-438;Equipement sportif et de loisirs;05010305-438;Equipement de cyclisme;usc cyclisme;50;avenue du marechal de lattre de tassigny;94000;Créteil;;;;;48.799;2.454;;;;
Val-de-Marne;21940028000018;94028-05010100-441;Equipement sportif et de loisirs;05010100-441;Complexe sportif en espace interieur;centre sportif et loisirs andré dassibat;7;avenue francois mauriac;94000;Créteil;;;;;48.785;2.454;;;;
Val-de-Marne;21940055300018;94055-05010102-442;Equipement sportif et de loisirs;05010102-442;Gymnase;gymnase saint exupery;71;avenue de pince vent;94490;Ormesson-sur-Marne;;;;;48.792;2.553;;;;https://ville-ormesson-sur-marne.fr/
Val-de-Marne;21940028000018;94028-05010102-445;Equipement sportif et de loisirs;05010102-445;Gymnase;gymnase albert schweitzer;nan;rue georges sand;94000;Créteil;;;;;48.773;2.463;;;;
Val-de-Marne;21940028000018;94028-05010100-446;Equipement sportif et de loisirs;05010100-446;Complexe sportif en espace interieur;centre sportif marie therese eyquem;6;rue thomas edisson;94000;Créteil;;;;;48.798;2.446;;;;
Val-de-Marne;21940028000018;94028-05010102-447;Equipement sportif et de loisirs;05010102-447;Gymnase;gymnase paul casalis;33;rue du docteur paul casalis;94000;Créteil;;;;;48.78;2.472;;;;
Val-de-Marne;21940002500017;94002-05010102-457;Equipement sportif et de loisirs;05010102-457;Gymnase;gymnase maurice cordesse;6;rue pelletan;94140;Alfortville;;;;;48.814;2.417;;;;
Val-de-Marne;21940002500017;94002-05010102-473;Equipement sportif et de loisirs;05010102-473;Gymnase;gymnase georges lapierre;nan;allée du ;94140;Alfortville;;;;;48.792;2.428;;;;
Val-de-Marne;21940002500017;94002-05030000-478;Equipement sportif et de loisirs;05030000-478;Autre équipement sportif et de loisirs;centre aere toulon;6;rue de toulon;94140;Alfortville;;;;;48.787;2.429;;;;
Val-de-Marne;21940002500017;94002-05010310-479;Equipement sportif et de loisirs;05010310-479;Terrain de grands jeux (stade);stade toulon;3;allée jean baptiste preux;94140;Alfortville;;;;;48.787;2.427;;;;
Val-de-Marne;21940002500017;94002-05010104-481;Equipement sportif et de loisirs;05010104-481;Palais des sports;palais des sports;6;rue de rome;94140;Alfortville;;;;;48.787;2.43;;;;
Val-de-Marne;21940056100011;94056-05020101-489;Equipement sportif et de loisirs;05020101-489;Salle des fêtes (polyvalente, ....);alain mimoun;nan;route de varenne jarcy;94520;Périgny-sur-Yerres;;;;;48.696;2.556;;;;
Val-de-Marne;21940070200011;94070-05010100-504;Equipement sportif et de loisirs;05010100-504;Complexe sportif en espace interieur;salle multisports des 4 saules;nan;voie aux vaches;94440;Santeny;;;;;48.732;2.576;;;;
Val-de-Marne;21940044700013;94044-05010100-520;Equipement sportif et de loisirs;05010100-520;Complexe sportif en espace interieur;terrains didier pironi;20;avenue descartes;94450;Limeil-Brévannes;;;;;48.739;2.487;;;;
Val-de-Marne;21940044700013;94044-05010310-521;Equipement sportif et de loisirs;05010310-521;Terrain de grands jeux (stade);stade des tulipiers;nan;allée des tulipiers;94450;Limeil-Brévannes;;;;;48.74;2.481;;;;
Val-de-Marne;21940044700013;94044-05010100-523;Equipement sportif et de loisirs;05010100-523;Complexe sportif en espace interieur;complexe sportif didier pironi;20;avenue ddescartes;94450;Limeil-Brévannes;;;;;48.738;2.477;;;;
Val-de-Marne;21940004100014;94004-05010306-525;Equipement sportif et de loisirs;05010306-525;Equipement équestre;centre d'entrainement hippique de grosbois;nan;domaine de grosbois;94470;Boissy-Saint-Léger;;;;;48.734;2.529;;;;
Val-de-Marne;21940044700013;94044-05010310-530;Equipement sportif et de loisirs;05010310-530;Terrain de grands jeux (stade);stade saint martin;nan;rue du docteur calmette;94450;Limeil-Brévannes;;;;;48.747;2.477;;;;
Val-de-Marne;21940044700013;94044-05010304-533;Equipement sportif et de loisirs;05010304-533;Court de tennis;terrain de football gazon - centre sportif marcel laveau;nan;rue de valenton;94450;Limeil-Brévannes;;;;;48.745;2.509;;;;https://ville-boissy.fr/
Val-de-Marne;21940047000015;94047-05010102-535;Equipement sportif et de loisirs;05010102-535;Gymnase;gymnase georgges vibert;7;rue paul doumer;94520;Mandres-les-Roses;;;;;48.7;2.54;;;;
Val-de-Marne;21940047000015;94047-05010102-537;Equipement sportif et de loisirs;05010102-537;Gymnase;gymnase la fraiziere;14;rue francois coppee;94520;Mandres-les-Roses;;;;;48.705;2.547;;;;
Val-de-Marne;21940048800017;94048-05010300-539;Equipement sportif et de loisirs;05010300-539;Complexe sportif en espace interieur et/ou extérieur;boulodrome;nan;route de brie;94440;Marolles-en-Brie;;;;;48.732;2.552;;;;
Val-de-Marne;21940048800017;94048-05010101-541;Equipement sportif et de loisirs;05010101-541;Salle de combat;salle des arts martiaux;2;chemin de derriere les clos;94440;Marolles-en-Brie;;;;;48.735;2.551;;;;
Val-de-Marne;21940048800017;94048-05010304-544;Equipement sportif et de loisirs;05010304-544;Court de tennis;terrain de football;19;rue du faubourg saint-marceau;94440;Marolles-en-Brie;;;;;48.737;2.557;;;;
Val-de-Marne;21940019900184;94019-05010102-548;Equipement sportif et de loisirs;05010102-548;Gymnase;cosec du bois l'abbe;nan;route plessis;94430;Chennevières-sur-marne;;;;;48.805;2.545;;;;
Val-de-Marne;21940056100011;94056-05010304-555;Equipement sportif et de loisirs;05010304-555;Court de tennis;tennis perigny;nan;route de brie conte robert;94520;Périgny-sur-Yerres;;;;;48.696;2.561;;;;
Val-de-Marne;21940070200011;94070-05010304-561;Equipement sportif et de loisirs;05010304-561;Court de tennis;terrain de tennis;nan;voie aux vaches;94440;Santeny;;;;;48.733;2.576;;;;
Val-de-Marne;21940060300011;94060-05030000-563;Equipement sportif et de loisirs;05030000-563;Autre équipement sportif et de loisirs;centre departemental de modelisme;nan;chemin des marmousets;94510;La Queue-en-brie;;;;;48.771;2.583;;;;
Val-de-Marne;21940070200011;94070-05010103-564;Equipement sportif et de loisirs;05010103-564;Salle ou terrain spécialisé;terrain de sport;nan;voie aux vaches;94440;Santeny;;;;;48.732;2.577;;;;
Val-de-Marne;21950491700010;94059-05010304-566;Equipement sportif et de loisirs;05010304-566;Court de tennis;terrains de tennis;17;avenue de l'europe;94420;Le Plessis -Trévise;;;;;48.802;2.577;;;;
Val-de-Marne;21940019900184;94019-05010103-567;Equipement sportif et de loisirs;05010103-567;Salle ou terrain spécialisé;salle - ecole du moulin a vent;nan;avenue claude debussy;94430;Chennevières-sur-marne;;;;;48.784;2.526;;;;
Val-de-Marne;21950491700010;94059-05030000-569;Equipement sportif et de loisirs;05030000-569;Autre équipement sportif et de loisirs;centre de loisirs jules verne;196;avenue de la marechale;94420;Le Plessis -Trévise;;;;;48.809;2.582;;;;
Val-de-Marne;21940075100018;94075-05010304-570;Equipement sportif et de loisirs;05010304-570;Court de tennis;terrains de tennis;nan;chemin des meuniers;94440;Villecresnes;;;;;48.717;2.547;;;;
Val-de-Marne;21940071000014;94071-05010304-572;Equipement sportif et de loisirs;05010304-572;Court de tennis;terrains tennis couverts - parc des sports de sucy;nan;route de la queue en brie;94370;Sucy-en-Brie;;;;;48.759;2.536;;;;https://www.ville-sucy.fr/
Val-de-Marne;21940004100014;94004-05010102-573;Equipement sportif et de loisirs;05010102-573;Gymnase;gymnase - centre sportif maurice preault;16;avenue charles de gaulle;94470;Boissy-Saint-Léger;;;;;48.759;2.499;;;;https://ville-boissy.fr/
Val-de-Marne;21940004100014;94004-05010304-576;Equipement sportif et de loisirs;05010304-576;Court de tennis;terrains de football maurice preault;16;avenue charles de gaulle;94470;Boissy-Saint-Léger;;;;;48.759;2.498;;;;https://ville-boissy.fr/
Val-de-Marne;21940071000014;94071-05010304-577;Equipement sportif et de loisirs;05010304-577;Court de tennis;terrains de tennis - stade paul meyer;39;rue de paris;94370;Sucy-en-Brie;;;;;48.775;2.504;;;;https://www.saint-maur.com/
Val-de-Marne;21940071000014;94071-05010304-578;Equipement sportif et de loisirs;05010304-578;Court de tennis;terrains de tennis couverts - stade paul meyer;39;rue de paris;94370;Sucy-en-Brie;;;;;48.774;2.505;;;;
Val-de-Marne;21940071000014;94071-05010102-582;Equipement sportif et de loisirs;05010102-582;Gymnase;gymnase du plateau;52;route de la queue en brie;94370;Sucy-en-Brie;;;;;48.762;2.536;;;;https://www.ville-sucy.fr/
Val-de-Marne;21940071000014;94071-05010306-584;Equipement sportif et de loisirs;05010306-584;Equipement équestre;poney club de sucy;16;allée des blancs;94370;Sucy-en-Brie;;;;;48.755;2.554;;;;
Val-de-Marne;21940071000014;94071-05010200-585;Equipement sportif et de loisirs;05010200-585;Complexe sportif en espace exterieur;parc des sports de sucy;nan;route de la queue en brie;94370;Sucy-en-Brie;;;;;48.76;2.541;;;;
Val-de-Marne;21940071000014;94071-05030000-586;Equipement sportif et de loisirs;05030000-586;Autre équipement sportif et de loisirs;robot club 94 modelisme;nan;rue du moulin bateau;94370;Sucy-en-Brie;;;;;48.781;2.511;;;;
Val-de-Marne;21940071000014;94071-05030000-587;Equipement sportif et de loisirs;05030000-587;Autre équipement sportif et de loisirs;salle anim'sport;nan;place de la fraternite;94370;Sucy-en-Brie;;;;;48.775;2.526;;;;https://www.ville-sucy.fr/
Val-de-Marne;21940071000014;94071-05010102-588;Equipement sportif et de loisirs;05010102-588;Gymnase;gymnase montaleau;nan;rue de montaleau;94370;Sucy-en-Brie;;;;;48.772;2.515;;;;https://www.ville-sucy.fr/
Val-de-Marne;21940071000014;94071-05010102-589;Equipement sportif et de loisirs;05010102-589;Gymnase;gymnase du piple;152;bis rue de boissy;94370;Sucy-en-Brie;;;;;48.76;2.526;;;;https://www.ville-sucy.fr/
Val-de-Marne;21940071000014;94071-05010102-590;Equipement sportif et de loisirs;05010102-590;Gymnase;gymnase du fort;33;avenue du fort;94370;Sucy-en-Brie;;;;;48.77;2.533;;;;
Val-de-Marne;21940055300018;94055-05010202-592;Equipement sportif et de loisirs;05010202-592;Parcours de golf;golf d'ormesson;nan;chemin du belvedere;94490;Ormesson-sur-Marne;;;;;48.787;2.554;;;;https://www.golformesson.com/fr/
Val-de-Marne;21940055300018;94055-05010102-593;Equipement sportif et de loisirs;05010102-593;Gymnase;gymnase d'amboile;32;rue de l'ancien moulin;94490;Ormesson-sur-Marne;;;;;48.779;2.533;;;;
Val-de-Marne;21940019900184;94019-05010207-598;Equipement sportif et de loisirs;05010207-598;"Parcours sportif ; Parcours de santé";parc de la plaine des bordes;nan;rue des bordes;94430;Chennevières-sur-marne;;;;;48.797;2.561;;;;https://www.valdemarne.fr/
Val-de-Marne;21940019900184;94019-05010102-599;Equipement sportif et de loisirs;05010102-599;Gymnase;gymnase - stade armand fey;24;route du plessis trevise;94430;Chennevières-sur-marne;;;;;48.806;2.556;;;;https://www.chennevieres.com/
Val-de-Marne;21940019900184;94019-05010304-600;Equipement sportif et de loisirs;05010304-600;Court de tennis;terrains de tennis - stade aristide briand;60;bis rue aristide briand;94430;Chennevières-sur-marne;;;;;48.798;2.536;;;;https://www.chennevieres.com/
Val-de-Marne;21940019900184;94019-05010311-601;Equipement sportif et de loisirs;05010311-601;Pas de tir;centre departemental et regional de tir a l'arc;nan;avenue champlain;94430;Chennevières-sur-marne;;;;;48.798;2.558;;;;https://www.ctsarc94.com/
Val-de-Marne;21940044700013;94044-05010310-605;Equipement sportif et de loisirs;05010310-605;Terrain de grands jeux (stade);stade paul vaillant couturier;12;rue georges clemenceau;94450;Limeil-Brévannes;;;;;48.743;2.476;;;;
Val-de-Marne;21940002500017;94002-05010102-612;Equipement sportif et de loisirs;05010102-612;Gymnase;gymnase robert blairon;92;rue veron;94140;Alfortville;;;;;48.811;2.414;;;;
Val-de-Marne;21940028000018;94028-05010102-653;Equipement sportif et de loisirs;05010102-653;Gymnase;gymnase de la levriere;nan;rue ferdinand de lesseps;94000;Créteil;;;;;48.789;2.447;;;;
Val-de-Marne;21940004100014;94004-05010304-738;Equipement sportif et de loisirs;05010304-738;Court de tennis;terrain de football 1;nan;place des erables;94470;Boissy-Saint-Léger;;;;;48.755;2.499;;;;https://ville-boissy.fr/
Val-de-Marne;21940071000014;94071-05010101-753;Equipement sportif et de loisirs;05010101-753;Salle de combat;salle de judo beauvilliers;38;avenue du fort;94370;Sucy-en-Brie;;;;;48.769;2.535;;;;https://www.ville-sucy.fr/
Val-de-Marne;21940004100014;94004-05010103-760;Equipement sportif et de loisirs;05010103-760;Salle ou terrain spécialisé;terrain de jorky ball;5;rue pompadour;94470;Boissy-Saint-Léger;;;;;48.762;2.499;;;;
Val-de-Marne;21940004100014;94004-05010102-761;Equipement sportif et de loisirs;05010102-761;Gymnase;terrain de basket ball - maurice preault;16;avenue charles de gaulle;94470;Boissy-Saint-Léger;;;;;48.759;2.497;;;;https://ville-boissy.fr/
Val-de-Marne;21940004100014;94004-05010304-762;Equipement sportif et de loisirs;05010304-762;Court de tennis;terrain de handball  maurice preault;16;avenue charles de gaulle;94470;Boissy-Saint-Léger;;;;;48.759;2.498;;;;https://ville-boissy.fr/
Val-de-Marne;21940004100014;94004-05010304-763;Equipement sportif et de loisirs;05010304-763;Court de tennis;terrain de football 2;nan;place des erables;94470;Boissy-Saint-Léger;;;;;48.753;2.499;;;;
Val-de-Marne;21940028000018;94028-05010310-764;Equipement sportif et de loisirs;05010310-764;Terrain de grands jeux (stade);stade brise pain;nan;allée centrale;94000;Créteil;;;;;48.797;2.47;;;;
Val-de-Marne;21940060300011;94060-05010304-765;Equipement sportif et de loisirs;05010304-765;Court de tennis;terrain de football annexe route de villiers;nan;route de villiers;94510;La Queue-en-brie;;;;;48.793;2.583;;;;https://www.laqueueenbrie.fr/
Val-de-Marne;21950491700010;94059-05010304-766;Equipement sportif et de loisirs;05010304-766;Court de tennis;terrain de football gazon -centre sportif louison bobet;6;avenue albert camus;94420;Le Plessis -Trévise;;;;;48.804;2.577;;;;https://www.leplessistrevise.fr/
Val-de-Marne;21940019900184;94019-05010310-767;Equipement sportif et de loisirs;05010310-767;Terrain de grands jeux (stade);terrain de football - stade aristide briand;63;bis rue aristide briand;94430;Chennevières-sur-marne;;;;;48.797;2.535;;;;https://www.chennevieres.com/
Val-de-Marne;21940071000014;94071-05010310-770;Equipement sportif et de loisirs;05010310-770;Terrain de grands jeux (stade);terrains de football - stade paul meyer;39;rue de paris;94370;Sucy-en-Brie;;;;;48.777;2.504;;;;https://www.saint-maur.com/
Val-de-Marne;21950491700010;94059-05010304-773;Equipement sportif et de loisirs;05010304-773;Court de tennis;terrain de basket - espace sportif de plein air;nan;avenue de plein air;94420;Le Plessis -Trévise;;;;;48.802;2.576;;;;
Val-de-Marne;21940019900184;94019-05010310-774;Equipement sportif et de loisirs;05010310-774;Terrain de grands jeux (stade);terrain de football - stade armand fey;24;route du plessis trevise;94430;Chennevières-sur-marne;;;;;48.806;2.557;;;;https://www.chennevieres.com/
Val-de-Marne;21940019900184;94019-05010304-775;Equipement sportif et de loisirs;05010304-775;Court de tennis;playground villa franche comte;nan;allée de la caravelle;94430;Chennevières-sur-marne;;;;;48.802;2.55;;;;
Val-de-Marne;21940019900184;94019-05010304-776;Equipement sportif et de loisirs;05010304-776;Court de tennis;terrains de football - complexe sportif;99;rue des bordes;94430;Chennevières-sur-marne;;;;;48.801;2.56;;;;
Val-de-Marne;21940060300011;94060-05010102-777;Equipement sportif et de loisirs;05010102-777;Gymnase;terrain de basket ball allée des clematites;nan;allée des clematites;94510;La Queue-en-brie;;;;;48.795;2.565;;;;https://www.laqueueenbrie.fr/
Val-de-Marne;21940060300011;94060-05010100-778;Equipement sportif et de loisirs;05010100-778;Complexe sportif en espace interieur;la halle des violettes;nan;rue louis aragon;94510;La Queue-en-brie;;;;;48.792;2.57;;;;https://www.laqueueenbrie.fr/
Val-de-Marne;21940060300011;94060-05010102-779;Equipement sportif et de loisirs;05010102-779;Gymnase;gymnase pierre de coubertin;nan;rue pierre de coubertin;94510;La Queue-en-brie;;;;;48.793;2.577;;;;https://www.laqueueenbrie.fr/
Val-de-Marne;21940060300011;94060-05010304-780;Equipement sportif et de loisirs;05010304-780;Court de tennis;terrain de jeux cite raymond buissiere;nan;avenue du marechal mortier;94510;La Queue-en-brie;;;;;48.79;2.577;;;;https://www.laqueueenbrie.fr/
Val-de-Marne;21940060300011;94060-05010304-781;Equipement sportif et de loisirs;05010304-781;Court de tennis;agorespace;nan;avenue du marechal mortier;94510;La Queue-en-brie;;;;;48.789;2.575;;;;https://www.laqueueenbrie.fr/
Val-de-Marne;21940060300011;94060-05010304-782;Equipement sportif et de loisirs;05010304-782;Court de tennis;terrain de football - stade leo lagrange;nan;route de villiers;94510;La Queue-en-brie;;;;;48.793;2.58;;;;https://www.laqueueenbrie.fr/
Val-de-Marne;21940060300011;94060-05010102-783;Equipement sportif et de loisirs;05010102-783;Gymnase;plateau d'evolution - stade leo lagrange;nan;route de villiers;94510;La Queue-en-brie;;;;;48.793;2.581;;;;https://www.laqueueenbrie.fr/
Val-de-Marne;21940071000014;94071-05010304-785;Equipement sportif et de loisirs;05010304-785;Court de tennis;terrain de football - parc des sports de sucy;nan;route de la queue en brie;94370;Sucy-en-Brie;;;;;48.759;2.534;;;;https://www.ville-sucy.fr/
Val-de-Marne;21940071000014;94071-05010304-786;Equipement sportif et de loisirs;05010304-786;Court de tennis;terrains de football - parc des sports de sucy;nan;route de la queue en brie;94370;Sucy-en-Brie;;;;;48.759;2.539;;;;https://www.ville-sucy.fr/
Val-de-Marne;21940071000014;94071-05010100-787;Equipement sportif et de loisirs;05010100-787;Complexe sportif en espace interieur;espace multisports de la fosse rouge;nan;rue du grand-val;94370;Sucy-en-Brie;;;;;48.777;2.529;;;;https://www.ville-sucy.fr/
Val-de-Marne;21940071000014;94071-05010304-788;Equipement sportif et de loisirs;05010304-788;Court de tennis;terrains de basket des noyers;nan;rue du moulin bateau;94370;Sucy-en-Brie;;;;;48.778;2.509;;;;https://www.ville-sucy.fr/
Val-de-Marne;21940055300018;94055-05010304-789;Equipement sportif et de loisirs;05010304-789;Court de tennis;terrains - collège saint exupery;nan;rue du clos;94490;Ormesson-sur-Marne;;;;;48.792;2.553;;;;
Val-de-Marne;21940019900184;94019-05010304-790;Equipement sportif et de loisirs;05010304-790;Court de tennis;terrains maurice rousseau;52;avenue claire;94430;Chennevières-sur-marne;;;;;48.801;2.547;;;;https://www.chennevieres.com/
Val-de-Marne;21940055300018;94055-05010304-791;Equipement sportif et de loisirs;05010304-791;Court de tennis;complexe sportif du belvedere;28;rue du docteur andre libert;94490;Ormesson-sur-Marne;;;;;48.79;2.545;;;;
Val-de-Marne;21940028000018;94028-05010103-817;Equipement sportif et de loisirs;05010103-817;Salle ou terrain spécialisé;maison du handball;1;rue daniel costantini;94000;Créteil;;;;;48.767;2.464;;;;
Val-de-Marne;21940011600014;94011-05010200-828;Equipement sportif et de loisirs;05010200-828;Complexe sportif en espace exterieur;base canoe kayak;nan;chemin du morbras;94380;Bonneuil-sur-Marne;;;;;48.787;2.475;;;;
Val-de-Marne;21940028000018;94028-05010304-829;Equipement sportif et de loisirs;05010304-829;Court de tennis;tennis mont-mesly;100;rue juliette savar;94000;Créteil;;;;;48.777;2.466;;;;
Val-de-Marne;21940028000018;94028-05010301-830;Equipement sportif et de loisirs;05010301-830;Skatepark et vélo freestyle;piste de roller;nan;avenue de la breche;94000;Créteil;;;;;48.785;2.455;;;;
Val-de-Marne;21940028000018;94028-05010100-831;Equipement sportif et de loisirs;05010100-831;Complexe sportif en espace interieur;plateau multisports allezard;38;rue juliette savar;94000;Créteil;;;;;48.785;2.462;;;;
Val-de-Marne;21940028000018;94028-05010100-832;Equipement sportif et de loisirs;05010100-832;Complexe sportif en espace interieur;plateau multisports camus;143;rue de brie;94000;Créteil;;;;;48.783;2.472;;;;
Val-de-Marne;21940028000018;94028-05010100-833;Equipement sportif et de loisirs;05010100-833;Complexe sportif en espace interieur;plateau multisports casalis;33;rue du docteur paul casalis;94000;Créteil;;;;;48.78;2.472;;;;
Val-de-Marne;21940028000018;94028-05010100-834;Equipement sportif et de loisirs;05010100-834;Complexe sportif en espace interieur;plateau multisports club de creteil;2;rue charpy;94000;Créteil;;;;;48.787;2.451;;;;
Val-de-Marne;21940028000018;94028-05010100-835;Equipement sportif et de loisirs;05010100-835;Complexe sportif en espace interieur;plateau multisports guiblets;86;boulevard john fitzgerald kennedy;94000;Créteil;;;;;48.78;2.462;;;;
Val-de-Marne;21940028000018;94028-05010100-836;Equipement sportif et de loisirs;05010100-836;Complexe sportif en espace interieur;plateau multisports guyard;12;rue thomas edison;94000;Créteil;;;;;48.796;2.445;;;;
Val-de-Marne;21940028000018;94028-05010100-837;Equipement sportif et de loisirs;05010100-837;Complexe sportif en espace interieur;plateau multisports issaurat;nan;rue pasteur vallery radot;94000;Créteil;;;;;48.781;2.444;;;;
Val-de-Marne;21940028000018;94028-05010100-838;Equipement sportif et de loisirs;05010100-838;Complexe sportif en espace interieur;plateau multisports levriere;nan;rue ferdinand de lesseps;94000;Créteil;;;;;48.789;2.446;;;;
Val-de-Marne;21940028000018;94028-05010100-839;Equipement sportif et de loisirs;05010100-839;Complexe sportif en espace interieur;plateau multisports montaigut;2;rue moliere;94000;Créteil;;;;;48.79;2.441;;;;
Val-de-Marne;21940028000018;94028-05010100-840;Equipement sportif et de loisirs;05010100-840;Complexe sportif en espace interieur;plateau multisports paillou;14;rue des sarrazins;94000;Créteil;;;;;48.769;2.472;;;;
Val-de-Marne;21940028000018;94028-05010100-841;Equipement sportif et de loisirs;05010100-841;Complexe sportif en espace interieur;plateau multisports schweitzer;nan;rue georges sand;94000;Créteil;;;;;48.772;2.464;;;;
Val-de-Marne;21940011600014;94011-05010300-842;Equipement sportif et de loisirs;05010300-842;Complexe sportif en espace interieur et/ou extérieur;terrain de boules base nautique;nan;chemin du morbras;94380;Bonneuil-sur-Marne;;;;;48.786;2.474;;;;
Val-de-Marne;21940028000018;94028-05010300-843;Equipement sportif et de loisirs;05010300-843;Complexe sportif en espace interieur et/ou extérieur;terrain de boules la fauvette;74;rue cheret;94000;Créteil;;;;;48.803;2.461;;;;
Val-de-Marne;21940028000018;94028-05010300-844;Equipement sportif et de loisirs;05010300-844;Complexe sportif en espace interieur et/ou extérieur;terrain de boules montaigut;2;rue moliere;94000;Créteil;;;;;48.79;2.442;;;;
Val-de-Marne;21940028000018;94028-05010300-845;Equipement sportif et de loisirs;05010300-845;Complexe sportif en espace interieur et/ou extérieur;terrain de boules mont-mesly;23;rue de la plumerette;94000;Créteil;;;;;48.773;2.471;;;;
Val-de-Marne;21940028000018;94028-05010300-846;Equipement sportif et de loisirs;05010300-846;Complexe sportif en espace interieur et/ou extérieur;terrain de boules la ferriere;118; impasse cherret;94000;Créteil;;;;;48.806;2.46;;;;
Val-de-Marne;21940028000018;94028-05010311-847;Equipement sportif et de loisirs;05010311-847;Pas de tir;pas de tir a l'arc;12;rue pasteur vallery radot;94000;Créteil;;;;;48.783;2.442;;;;
Val-de-Marne;21940002500017;94002-05010310-848;Equipement sportif et de loisirs;05010310-848;Terrain de grands jeux (stade);parc des sports val-de-seine;nan;allée jean-baptiste preux;94140;Alfortville;;;;;48.778;2.425;;;;
Val-de-Marne;21940055300018;94055-05030000-856;Equipement sportif et de loisirs;05030000-856;Autre équipement sportif et de loisirs;centre de loisirs pierre monthezin;34;rue de l'ancien moulin;94490;Ormesson-sur-Marne;;;;;48.778;2.533;;;;
Val-de-Marne;21940028000018;94028-05020101-881;Equipement sportif et de loisirs;05020101-881;Salle des fêtes (polyvalente, ....);maison de quartier des bordieres;nan;place des bouleaux;94000;Créteil;;;;;48.802;2.455;;;;
Val-de-Marne;21940002500017;94002-05010310-920;Equipement sportif et de loisirs;05010310-920;Terrain de grands jeux (stade);stade de la digue;3;allée jean-baptiste preux;94140;Alfortville;;;;;48.781;2.43;;;;
Val-de-Marne;21950491700010;94059-05020101-924;Equipement sportif et de loisirs;05020101-924;Salle des fêtes (polyvalente, ....);espace paul valery;72;avenue ardouin;94420;Le Plessis -Trévise;;;;;48.806;2.577;;;;
Val-de-Marne;21950491700010;94059-05030000-925;Equipement sportif et de loisirs;05030000-925;Autre équipement sportif et de loisirs;ecole municipale de musique cesar franck;31;avenue bertrand;94420;Le Plessis -Trévise;;;;;48.808;2.582;;;;
Val-de-Marne;21940056100011;94056-05020101-934;Equipement sportif et de loisirs;05020101-934;Salle des fêtes (polyvalente, ....);antoinette belly;nan;place de boecourt;94520;Périgny-sur-Yerres;;;;;48.696;2.55;;;;
Val-de-Marne;21940056100011;94056-05010310-937;Equipement sportif et de loisirs;05010310-937;Terrain de grands jeux (stade);stade de perigny;nan;route de brie conte robert;94520;Périgny-sur-Yerres;;;;;48.696;2.563;;;;
Val-de-Marne;21940070200011;94070-05010304-938;Equipement sportif et de loisirs;05010304-938;Court de tennis;tennis;nan;voie aux vaches;94440;Santeny;;;;;48.734;2.576;;;;
Val-de-Marne;21940028000018;94028-05010310-945;Equipement sportif et de loisirs;05010310-945;Terrain de grands jeux (stade);stade de la habette;nan;avenue de la habette;94000;Créteil;;;;;48.775;2.468;;;;
Val-de-Marne;21940002500017;94002-05030000-468;Equipement sportif et de loisirs;05030000-468;Autre équipement sportif et de loisirs;espace jeune mic ado;1;rue jules guesde;94140;Alfortville;;;;;48.804;2.413;;;;
Val-de-Marne;21940028000018;94028-05010303-073;Equipement sportif et de loisirs;05010303-073;Bassin de natation;piscine du colombier;15;rue de paris;94000;Créteil;;;;;48.794;2.46;;0141942200;;
Val-de-Marne;21940070200011;94070-05030000-626;Equipement sportif et de loisirs;05030000-626;Autre équipement sportif et de loisirs;conservatoire de musique, de danse et d'arts plastiques de santeny;nan;route de marolles;94440;Santeny;;;;;48.726;2.571;;0141943127;;https://sudestavenir.fr/conservatoire/conservatoire-de-santeny/
Val-de-Marne;21940004100014;94004-05010303-342;Equipement sportif et de loisirs;05010303-342;Bassin de natation;piscine de boissy-saint-leger;2;place de la boulaie;94470;Boissy-Saint-Léger;;;;;48.754;2.501;;0141943140;;
Val-de-Marne;21940002500017;94002-05030000-352;Equipement sportif et de loisirs;05030000-352;Autre équipement sportif et de loisirs;conservatoire a rayonnement intercommunal d'alfortville;2;allée du ;94140;Alfortville;;;;;48.793;2.427;;0141943160;;
Val-de-Marne;21940044700013;94044-05030000-355;Equipement sportif et de loisirs;05030000-355;Autre équipement sportif et de loisirs;conservatoire a rayonnement intercommunal;23;rue pasteur;94450;Limeil-Brévannes;;;;;48.747;2.48;;0141943170;;
Val-de-Marne;21940019900184;94019-05010303-208;Equipement sportif et de loisirs;05010303-208;Bassin de natation;piscine des bordes;99;rue des bordes;94430;Chennevières-sur-marne;;;;;48.8;2.562;;0141943260;;
Val-de-Marne;21940071000014;94071-05010303-344;Equipement sportif et de loisirs;05010303-344;Bassin de natation;piscine de sucy-en-brie;29;avenue du fort;94370;Sucy-en-Brie;;;;;48.769;2.534;;0141943262;;
Val-de-Marne;21940011600014;94011-05010303-341;Equipement sportif et de loisirs;05010303-341;Bassin de natation;piscine marcel dumesnil;2; voie paul eluard;94380;Bonneuil-sur-Marne;;;;;48.767;2.481;;0141948930;;
Val-de-Marne;21940028000018;94028-05010303-066;Equipement sportif et de loisirs;05010303-066;Bassin de natation;piscine sainte-catherine;28;allée centrale;94000;Créteil;;;;;48.796;2.47;;0142075492;;
Val-de-Marne;21940028000018;94028-05010200-752;Equipement sportif et de loisirs;05010200-752;Complexe sportif en espace exterieur;base de loisirs creteil;nan;rue jean gabin;94000;Créteil;;;;;48.776;2.446;;0142075526;bpal.creteil@wanadoo.fr;
Val-de-Marne;21940028000018;94028-05010303-077;Equipement sportif et de loisirs;05010303-077;Bassin de natation;piscine de la levriere;nan;allée ferdinand de lesseps;94000;Créteil;;;;;48.789;2.447;;0142077077;;
Val-de-Marne;21940028000018;94028-05030000-150;Equipement sportif et de loisirs;05030000-150;Autre équipement sportif et de loisirs;maison de l'adolescent;1;rue des ecoles;94000;Créteil;;;;;48.793;2.465;;0143535200;;
Val-de-Marne;21940002500017;94002-05010304-487;Equipement sportif et de loisirs;05010304-487;Court de tennis;tennis club us alfortville;nan;rue de toulon;94140;Alfortville;;;;;48.788;2.43;;0143754262;;
Val-de-Marne;21940002500017;94002-05010100-754;Equipement sportif et de loisirs;05010100-754;Complexe sportif en espace interieur;salle blairon;nan;rue robert blairon;94140;Alfortville;;;;;48.81;2.414;;0143758675;;
Val-de-Marne;21940075100018;94075-05010102-495;Equipement sportif et de loisirs;05010102-495;Gymnase;gymnase didier pironi;nan;rue du reveillon;94440;Villecresnes;;;;;48.72;2.541;;0143823689;;
Val-de-Marne;21940048800017;94048-05010102-343;Equipement sportif et de loisirs;05010102-343;Gymnase;gymnase de marolles en brie;21;rue du faubourg saint-marceau;94440;Marolles-en-Brie;;;;;48.738;2.557;;0143861698;;
Val-de-Marne;21940070200011;94070-05010304-443;Equipement sportif et de loisirs;05010304-443;Court de tennis;tennis club;nan;voie aux vaches;94440;Santeny;;;;;48.733;2.577;;0143861986;;https://club.fft.fr/tc.santeny/57940049_a/cms/index_public.php?us_action=show_note_site&login_off=1&ui_id_site=1
Val-de-Marne;21940002500017;94002-05010102-058;Equipement sportif et de loisirs;05010102-058;Gymnase;salle maurice cordesse;8;rue pelletan;94140;Alfortville;;;;;48.814;2.416;;0143965579;;
Val-de-Marne;21940028000018;94028-05010304-199;Equipement sportif et de loisirs;05010304-199;Court de tennis;parc duvauchelle;2;rue dominique duvauchelle;94000;Créteil;;;;;48.768;2.461;;0143992758;;
Val-de-Marne;21940075100018;94075-05010100-498;Equipement sportif et de loisirs;05010100-498;Complexe sportif en espace interieur;salle de villescresnes;28;rue d'yerres;94440;Villecresnes;;;;;48.721;2.528;;0145103900;;
Val-de-Marne;21940011600014;94011-05010102-067;Equipement sportif et de loisirs;05010102-067;Gymnase;gymnase romain rolland;1;rue romain rolland;94380;Bonneuil-sur-Marne;;;;;48.769;2.478;;0145131410;;
Val-de-Marne;21940011600014;94011-05010100-176;Equipement sportif et de loisirs;05010100-176;Complexe sportif en espace interieur;complexe sporif leo lagrange;nan;rue auguste delaune;94380;Bonneuil-sur-Marne;;;;;48.763;2.482;;0145131410;;
Val-de-Marne;21940011600014;94011-05010100-512;Equipement sportif et de loisirs;05010100-512;Complexe sportif en espace interieur;complexe sportif aime et eugenie cotton;3;rue guy mocquet;94380;Bonneuil-sur-Marne;;;;;48.766;2.478;;0145131410;;
Val-de-Marne;21940028000018;94028-05020101-448;Equipement sportif et de loisirs;05020101-448;Salle des fêtes (polyvalente, ....);maison des arts et de la culture andre malraux;1;place salvador allende;94000;Créteil;;;;;48.777;2.454;;0145131919;mac@maccreteil.com;
Val-de-Marne;21940011600014;94011-05030000-063;Equipement sportif et de loisirs;05030000-063;Autre équipement sportif et de loisirs;conservatoire de musique et d'art dramatique;10;rue auguste gros;94380;Bonneuil-sur-Marne;;;;;48.774;2.486;;0145138875;;
Val-de-Marne;21940044700013;94044-05010102-821;Equipement sportif et de loisirs;05010102-821;Gymnase;gymnase guimier;55;avenue de valenton;94450;Limeil-Brévannes;;;;;48.743;2.504;;0145691797;;
Val-de-Marne;21940044700013;94044-05010102-526;Equipement sportif et de loisirs;05010102-526;Gymnase;gymnase lucien leroy;5;rue pierre et angele le hen;94450;Limeil-Brévannes;;;;;48.753;2.488;;0145693888;;
Val-de-Marne;21940075100018;94075-05010303-004;Equipement sportif et de loisirs;05010303-004;Bassin de natation;piscine de villecresnes;1;rue du bois d'auteuil;94440;Villecresnes;;;;;48.716;2.546;;0145694379;;https://horaires-piscine.info/piscine-villecresnes/
Val-de-Marne;21940053800076;94053-05010102-493;Equipement sportif et de loisirs;05010102-493;Gymnase;gymnase leo lagrange;nan;rue pierre brosselette;94880;Noiseau;;;;;48.776;2.546;;0145902179;;http://www.mairie-noiseau.fr/pageLibre00010840.aspx
Val-de-Marne;21940071000014;94071-05020101-255;Equipement sportif et de loisirs;05020101-255;Salle des fêtes (polyvalente, ....);espace jean-marie poirier;1; esplanade jean-marie poirier;94370;Sucy-en-Brie;;;;;48.772;2.518;;0145905414;;https://www.ville-sucy.fr/annuaire-des-equipements/espace-jean-marie-poirier
Val-de-Marne;21940019900184;94019-05030000-051;Equipement sportif et de loisirs;05030000-051;Autre équipement sportif et de loisirs;conservatoire de musique emile vilain, espace charles de gaulle;46;rue du general de gaulle;94430;Chennevières-sur-marne;;;;;48.795;2.53;;0145945480;;
Val-de-Marne;21940048800017;94048-05010202-060;Equipement sportif et de loisirs;05010202-060;Parcours de golf;golf bluegreen;nan;mail de la justice;94440;Marolles-en-Brie;;;;;48.727;2.55;;0145951818;;https://bluegreen.fr/marolles/
Val-de-Marne;21940048800017;94048-05010306-705;Equipement sportif et de loisirs;05010306-705;Equipement équestre;centre equestre;nan;avenue des bruyeres;94440;Marolles-en-Brie;;;;;48.749;2.556;;0145952727;;https://www.ucpa.com/centres-sportifs/saint-maur
Val-de-Marne;21940047000015;94047-05010310-543;Equipement sportif et de loisirs;05010310-543;Terrain de grands jeux (stade);stade municipale rosebrie;nan;rue georges pompidou;94520;Mandres-les-Roses;;;;;48.704;2.555;;0145987374;;
Val-de-Marne;21940048800017;94048-05010304-542;Equipement sportif et de loisirs;05010304-542;Court de tennis;tennis de marolles;8;rue du faubourg saint marceau;94440;Marolles-en-Brie;;;;;48.738;2.558;;0145990156;;
Val-de-Marne;21940075100018;94075-05010310-936;Equipement sportif et de loisirs;05010310-936;Terrain de grands jeux (stade);stade gilbert vandar;nan;rue du reveillon;94440;Villecresnes;;;;;48.721;2.545;;0145990520;;
Val-de-Marne;21940004100014;94004-05030000-190;Equipement sportif et de loisirs;05030000-190;Autre équipement sportif et de loisirs;ecole de musique de boissy;8;rue de l'eglise;94470;Boissy-Saint-Léger;;;;;48.752;2.512;;0145991287;;
Val-de-Marne;21940028000018;94028-05010200-547;Equipement sportif et de loisirs;05010200-547;Complexe sportif en espace exterieur;parc interdepartemental des sports;nan;chemin des boeufs;94000;Créteil;;;;;48.771;2.434;;0148538577;;
Val-de-Marne;21940028000018;94028-05010303-339;Equipement sportif et de loisirs;05010303-339;Bassin de natation;piscine a vagues - ile de loisirs;9;rue jean gabin;94000;Créteil;;;;;48.776;2.448;;0148984456;;
Val-de-Marne;21940028000018;94028-05030000-050;Equipement sportif et de loisirs;05030000-050;Autre équipement sportif et de loisirs;atelier theatre casalis;89;rue du docteur paul casalis;94000;Créteil;;;;;48.78;2.462;;0149805113;;
Val-de-Marne;21940028000018;94028-05020101-850;Equipement sportif et de loisirs;05020101-850;Salle des fêtes (polyvalente, ....);centre choregraphique national de creteil et du val de marne / cie kafig (ccn);1;place salvador allende;94000;Créteil;;;;;48.777;2.455;;0156711320;contact@ccncreteil.com;
Val-de-Marne;21940028000018;94028-05030000-861;Equipement sportif et de loisirs;05030000-861;Autre équipement sportif et de loisirs;studio de creation du ccn;1;rue charpy;94000;Créteil;;;;;48.787;2.452;;0156711320;;
Val-de-Marne;21940028000018;94028-05030000-354;Equipement sportif et de loisirs;05030000-354;Autre équipement sportif et de loisirs;conservatoire a rayonnement regional marcel dadi;nan;rue demenitroux;94000;Créteil;;;;;48.79;2.453;;0156721010;crr.creteil@gpsea.fr;
Val-de-Marne;21940053800076;94053-05030000-142;Equipement sportif et de loisirs;05030000-142;Autre équipement sportif et de loisirs;ecole de musique de noiseau;10;rue leon bresset;94880;Noiseau;;;;;48.778;2.549;;0156741589;conservatoire.noiseau@gpsea.fr;https://sudestavenir.fr/conservatoire/ecole-de-musique-de-noiseau/
Val-de-Marne;21940056100011;94056-05030000-262;Equipement sportif et de loisirs;05030000-262;Autre équipement sportif et de loisirs;maison des associations - ecole de musique;nan;place de boecourt;94520;Périgny-sur-Yerres;;;;;48.696;2.549;;0160341583;;
Val-de-Marne;21940075100018;94075-05030000-007;Equipement sportif et de loisirs;05030000-007;Autre équipement sportif et de loisirs;conservatoire de musique de villescrennnes;49;rue du lieutenant dagorno;94440;Villecresnes;;;;;48.723;2.534;;0615407225;;http://www.conservatoire-villecresnes.fr/
Val-de-Marne;21940075100018;94075-05010306-933;Equipement sportif et de loisirs;05010306-933;Equipement équestre;ecurie de villescrenes;nan;chemin vert;94440;Villecresnes;;;;;48.711;2.536;;0623864619;;https://www.villecresnes.fr/blog/asso/cercle-hippique/
Val-de-Marne;21940048800017;94048-05030000-873;Equipement sportif et de loisirs;05030000-873;Autre équipement sportif et de loisirs;conservatoire - maison des arts et de la musique;nan;place charles de gaulle;94440;Marolles-en-Brie;;;;;48.733;2.55;;0682333886;;https://www.conservatoiremarolles.fr/
